cluster_number,content
1,"Dogs are remarkable companions, valued for their loyalty and roles in hunting, herding, and providing assistance. They are often seen as integral members of families and societies."
2,"Politics involves collective decision-making processes that shape laws and distribute resources. It encompasses governance systems like democracy, monarchy, and dictatorship, impacting society significantly."
3,"Canines, commonly known as dogs, have served humans for centuries in various capacities, including as working animals and pets. Their adaptability and intelligence make them unique."
4,"Hackathon is a event where programmer and developers make some project .we wish we will win this hackathon"
5,"Competitive sports emphasize skills, teamwork, and strategy. Whether itâ€™s traditional games like basketball or emerging fields like esports, sports inspire passion and community."
6,"The world of sports includes both individual and team-based activities that promote physical well-being. Popular games like football and basketball showcase the value of strategy and coordination."
7,"The political landscape varies across nations, with governance systems influencing daily life. Democracies and monarchies highlight how different forms of leadership impact societies."
8,"Technology has reshaped communication, work, and daily life. While it offers benefits like automation, challenges such as privacy and cybersecurity demand careful consideration."
9,"Dogs are versatile animals known for their roles in herding, hunting, and companionship. They have a unique ability to bond with humans and perform specialized tasks."
10,"The history of Ancient Rome showcases remarkable achievements in engineering, governance, and military strategy. These contributions continue to influence modern civilizations."
11,"For thousands of years, dogs have supported humans as loyal companions and skilled workers, with certain breeds excelling in specific roles like therapy or law enforcement."
12,"Known for their intelligence and loyalty, dogs are indispensable in roles ranging from guide animals to family pets. They contribute to emotional and social well-being."
13,"Political systems govern societies through laws and policies. Whether democratic or authoritarian, these systems reflect the values and priorities of their people."
14,"History explores humanity's journey, from the rise of empires to cultural revolutions. By studying the past, we gain insights into the present and future."
15,"As technology evolves, innovations like AI and automation continue to redefine industries. Balancing advancements with ethical concerns is crucial for sustainable growth."
16,"Politics shapes societies by determining rules and priorities. From civil rights movements to elections, political participation empowers citizens to drive change."
17,"Dogs display remarkable traits, including devotion and intelligence, making them exceptional in roles like police work and therapy. Their bond with humans is unmatched."
18,"Anmol is doing cybersecurity and making project for the hackathon."